{"accessibilityPrompt":true,"alwaysOnTop":false,"appVersion":"1.0","arch":"x64","asar":false,"blockExternalUrls":false,"bounce":false,"buildDate":1765816306361,"clearCache":false,"counter":false,"darwinDarkModeSupport":false,"disableContextMenu":false,"disableDevTools":true,"disableGpu":false,"disableOldBuildWarning":false,"electronVersionUsed":"25.7.0","enableEs3Apis":false,"fastQuit":false,"fullScreen":false,"height":800,"hideWindowFrame":false,"ignoreCertificate":false,"ignoreGpuBlacklist":false,"insecure":false,"isUpgrade":false,"maximize":true,"name":"QwickAttend","nativefierVersion":"52.0.0","portable":false,"quiet":false,"showMenuBar":false,"singleInstance":true,"strictInternalUrls":false,"targetUrl":"https://sarc-qwickattend.vercel.app/","tray":"false","userAgentHonest":false,"width":1280,"widevine":false,"win32metadata":{"ProductName":"QwickAttend","InternalName":"QwickAttend","FileDescription":"QwickAttend"},"zoom":1,"oldBuildWarningText":""}